<?xml version="1.0" encoding="utf-8"?>
    <TileMap version="1.0.0" tilemapservice="http://tms.osgeo.org/1.0.0">
      <Title>outline_rendered_transparency.tif</Title>
      <Abstract></Abstract>
      <SRS>EPSG:3857</SRS>
      <BoundingBox minx="8.31166085387724" miny="54.79163767136925" maxx="26.45912582523216" maxy="69.49339890124969"/>
      <Origin x="8.31166085387724" y="54.79163767136925"/>
      <TileFormat width="256" height="256" mime-type="image/png" extension="png"/>
      <TileSets profile="mercator">
        <TileSet href="3" units-per-pixel="19567.87923750000118" order="3"/>
        <TileSet href="4" units-per-pixel="9783.93961875000059" order="4"/>
        <TileSet href="5" units-per-pixel="4891.96980937500030" order="5"/>
        <TileSet href="6" units-per-pixel="2445.98490468750015" order="6"/>
        <TileSet href="7" units-per-pixel="1222.99245234375007" order="7"/>
        <TileSet href="8" units-per-pixel="611.49622617187504" order="8"/>
        <TileSet href="9" units-per-pixel="305.74811308593752" order="9"/>
      </TileSets>
    </TileMap>
    